"family","envir","species","n","freq","size","freq_log","size_log"
"Alytidae","flowing","Alytes_cisternasii",1,1491,41,7.30720231476474,3.71357206670431
"Arthroleptidae","still","Leptopelis_bocagii",1,600,52,6.39692965521615,3.95124371858143
"Batrachylidae","still","Batrachyla_antartandica",1,1951,36.7,7.57609734062311,3.60277675506052
"Batrachylidae","still","Hylorina_sylvatica",1,1252,56,7.13249755166004,4.02535169073515
"Bufonidae","flowing","Ansonia_hanitschi",1,5700,32,8.64822145382264,3.46573590279973
"Bufonidae","flowing","Ansonia_leptopus",1,3933,40,8.27715777243181,3.68887945411394
"Bufonidae","flowing","Ansonia_longidigita",3,3509,51.3333333333333,8.16308637558322,3.93834031374552
"Bufonidae","flowing","Ansonia_platysoma",1,8000,25,8.98719682066197,3.2188758248682
"Bufonidae","flowing","Atelopus_chiriquiensis",1,2025,34,7.61332497954064,3.52636052461616
"Bufonidae","flowing","Atelopus_flavescens",1,2725,30,7.91022370709734,3.40119738166216
"Bufonidae","flowing","Atelopus_franciscus",1,3320,21,8.10772006191053,3.04452243772342
"Bufonidae","flowing","Atelopus_peruensis",1,1950,38.5,7.57558465155779,3.65065824129374
"Bufonidae","flowing","Atelopus_pulcher",1,2429,29.3,7.79523492900217,3.37758751602302
"Bufonidae","flowing","Atelopus_spumarius",1,3375,29,8.12415060330663,3.36729582998647
"Bufonidae","flowing","Atelopus_varius",1,2350,41,7.7621706071382,3.71357206670431
"Bufonidae","flowing","Atelopus_zeteki",1,1820,40,7.50659178007084,3.68887945411394
"Bufonidae","flowing","Bufo_asper",1,1031,100,6.93828448401696,4.60517018598809
"Bufonidae","flowing","Bufo_brauni",1,1120,65,7.02108396428914,4.17438726989564
"Bufonidae","flowing","Bufo_juxtasper",1,718,138,6.57646956904822,4.92725368515721
"Bufonidae","flowing","Bufo_longinasus",1,2329,29,7.75319426988434,3.36729582998647
"Bufonidae","flowing","Bufo_marmoreus",1,1825,83,7.50933526601659,4.4188406077966
"Bufonidae","flowing","Bufo_melanochlorus",1,1700,65,7.43838353004431,4.17438726989564
"Bufonidae","flowing","Bufo_taladai",1,768,138,6.64378973314767,4.92725368515721
"Bufonidae","flowing","Pedostibes_tuberculosus",1,3782,38,8.2380082492184,3.63758615972639
"Bufonidae","still","Bufo_arenarum",1,1100,112,7.00306545878646,4.71849887129509
"Bufonidae","still","Bufo_beebei",1,3150,51,8.05515773181968,3.93182563272433
"Bufonidae","still","Bufo_calamita",1,1477,71,7.29776828253138,4.26267987704132
"Bufonidae","still","Bufo_castaneoticus",1,1650,37.7,7.40853056689463,3.62966009445396
"Bufonidae","still","Bufo_coccifer",1,2512,62,7.82883452758809,4.12713438504509
"Bufonidae","still","Bufo_cognatus",1,2307,103,7.74370325817375,4.63472898822964
"Bufonidae","still","Bufo_empusus",2,1548,75.5,7.34471905414967,4.32413265625498
"Bufonidae","still","Bufo_granulosus",1,2906,70,7.97453284413023,4.24849524204936
"Bufonidae","still","Bufo_gundlachi",1,2669,34,7.88945914940452,3.52636052461616
"Bufonidae","still","Bufo_gutturalis",1,1150,90,7.0475172213573,4.49980967033027
"Bufonidae","still","Bufo_houstonensis",1,2151,77,7.67368812926773,4.34380542185368
"Bufonidae","still","Bufo_ibarrai",1,1700,82,7.43838353004431,4.40671924726425
"Bufonidae","still","Bufo_luetkenii",1,1700,96,7.43838353004431,4.56434819146784
"Bufonidae","still","Bufo_nebulifer",1,1475,98,7.29641326877392,4.58496747867057
"Bufonidae","still","Bufo_ocellatus",1,1378,53,7.2283884515736,3.97029191355212
"Bufonidae","still","Bufo_pantherinus",1,2500,91,7.82404601085629,4.51085950651685
"Bufonidae","still","Bufo_pardalis",1,650,110,6.47697236288968,4.70048036579242
"Bufonidae","still","Bufo_quercicus",1,4750,32,8.46589989702869,3.46573590279973
"Bufonidae","still","Bufo_raddei",1,1513,67,7.32184971378836,4.20469261939097
"Bufonidae","still","Bufo_retiformis",1,3113,47,8.04334217044161,3.85014760171006
"Bufonidae","still","Bufo_schneideri",1,700,180,6.5510803350434,5.19295685089021
"Bufonidae","still","Bufo_siculus",1,1600,86.6,7.37775890822787,4.46129981556839
"Bufonidae","still","Bufo_speciosus",1,2621,78,7.87131120332341,4.35670882668959
"Bufonidae","still","Bufo_steindachneri",1,2142,48.3,7.66949525100769,3.87743156065853
"Bufonidae","still","Bufo_terrestris",1,2000,82,7.60090245954208,4.40671924726425
"Bufonidae","still","Bufo_valliceps",1,1480,77.8,7.29979736675816,4.35414143118435
"Bufonidae","still","Dendrophryniscus_minutus",1,3900,17,8.26873183211774,2.83321334405622
"Bufonidae","still","Pelophryne_misera",1,4000,21,8.29404964010203,3.04452243772342
"Bufonidae","still","Schismaderma_carens",1,450,88,6.10924758276437,4.47733681447821
"Centrolenidae","flowing","Centrolene_buckleyi",1,2500,34.7,7.82404601085629,3.54673968695281
"Centrolenidae","flowing","Centrolene_daidaleum",1,6120,24.1,8.71931737550637,3.18221184049661
"Centrolenidae","flowing","Centrolene_geckoideum",1,3828,77,8.25009775257285,4.34380542185368
"Centrolenidae","flowing","Centrolene_hesperium",1,3630,27.3,8.1969879272589,3.30688670219091
"Centrolenidae","flowing","Centrolene_peristictum",1,6878,20.6,8.83608319099221,3.02529107579554
"Centrolenidae","flowing","Centrolene_savagei",1,6214,24.1,8.73456008995299,3.18221184049661
"Centrolenidae","flowing","Centrolene_venezuelense",1,4050,33.8,8.30647216010058,3.52046080248897
"Centrolenidae","flowing","Cochranella_euknemos",1,4200,25,8.34283980427146,3.2188758248682
"Centrolenidae","flowing","Cochranella_granulosa",1,4250,29,8.35467426191846,3.36729582998647
"Centrolenidae","flowing","Cochranella_mache",1,5410,24,8.59600437184053,3.17805383034795
"Centrolenidae","flowing","Espadarana_prosoblepon",1,5758,28,8.65834547117212,3.3322045101752
"Centrolenidae","flowing","Hyalinobatrachium_carlesvilai",1,4838,23.6,8.48425669116997,3.16124671203156
"Centrolenidae","flowing","Hyalinobatrachium_colymbiphyllum",1,4500,27,8.41183267575841,3.29583686600433
"Centrolenidae","flowing","Hyalinobatrachium_crurifasciatum",1,4300,24,8.36637030168165,3.17805383034795
"Centrolenidae","flowing","Hyalinobatrachium_eccentricum",1,4160,23,8.33327035325531,3.13549421592915
"Centrolenidae","flowing","Hyalinobatrachium_fleischmanni",1,5395,25.5,8.59322787769223,3.23867845216438
"Centrolenidae","flowing","Hyalinobatrachium_fragile",1,3846,24.5,8.25478892614873,3.19867311755068
"Centrolenidae","flowing","Hyalinobatrachium_iaspidiense",1,4940,20.1,8.50512061018197,3.00071981506503
"Centrolenidae","flowing","Hyalinobatrachium_ignioculus",1,4920,23,8.50106380948635,3.13549421592915
"Centrolenidae","flowing","Hyalinobatrachium_mondolfii",1,5106,22.5,8.53817159780143,3.11351530921037
"Centrolenidae","flowing","Hyalinobatrachium_orientale",1,4819,24.5,8.48032171664033,3.19867311755068
"Centrolenidae","flowing","Hyalinobatrachium_orocostale",1,3435,25.5,8.14177220465645,3.23867845216438
"Centrolenidae","flowing","Hyalinobatrachium_pallidum",1,3259,22.4,8.08917567883756,3.10906095886099
"Centrolenidae","flowing","Hyalinobatrachium_pellucidum",1,5039,21.4,8.5249629286806,3.06339092202781
"Centrolenidae","flowing","Hyalinobatrachium_taylori",1,4495,21.6,8.41072094690572,3.07269331469012
"Centrolenidae","flowing","Hyalinobatrachium_valerioi",1,7250,24,8.88875674784872,3.17805383034795
"Centrolenidae","flowing","Nymphargus_griffithsi",1,4107,24.2,8.32044811395656,3.18635263316264
"Centrolenidae","flowing","Nymphargus_pluvialis",1,3941,26.5,8.279189777195,3.27714473299218
"Centrolenidae","flowing","Rulyrana_spiculata",1,4639,27.7,8.44225410475174,3.32143241319329
"Centrolenidae","flowing","Teratohyla_midas",1,4680,26.8,8.45105338891169,3.28840188751681
"Centrolenidae","flowing","Teratohyla_pulverata",1,5950,29,8.69114649853968,3.36729582998647
"Centrolenidae","flowing","Teratohyla_spinosa",1,7000,20,8.85366542803745,2.99573227355399
"Centrolenidae","flowing","Vitreorana_antisthenesi",1,5432,27,8.60006266923853,3.29583686600433
"Centrolenidae","flowing","Vitreorana_eurygnatha",1,4850,22.5,8.48673398393153,3.11351530921037
"Centrolenidae","flowing","Vitreorana_gorzulae",1,4787,22.5,8.47365918939251,3.11351530921037
"Centrolenidae","flowing","Vitreorana_helenae",1,4495,20.4,8.41072094690572,3.01553490085017
"Ceratophryidae","still","Ceratophrys_cornuta",1,2176,72,7.68524360797583,4.27666611901606
"Ceratophryidae","still","Ceratophrys_cranwelli",1,1715,130,7.44716835960004,4.86753445045558
"Ceratophryidae","still","Ceratophrys_ornata",1,2000,125.8,7.60090245954208,4.83469334426634
"Ceratophryidae","still","Chacophrys_pierottii",1,4357,53.1,8.37953902611744,3.97217692824789
"Dicroglossidae","flowing","Limnonectes_arathooni",1,3380,42,8.12563098847706,3.73766961828337
"Dicroglossidae","flowing","Limnonectes_blythii",1,428,105.4,6.0591231955818,4.65776263610726
"Dicroglossidae","flowing","Limnonectes_gyldenstolpei",1,1085,53,6.98933526597456,3.97029191355212
"Dicroglossidae","flowing","Limnonectes_microdiscus",1,875,48.6,6.77422388635761,3.88362353090645
"Dicroglossidae","flowing","Paa_spinosa",1,834,101,6.72623340235875,4.61512051684126
"Dicroglossidae","still","Euphlyctis_cyanophlyctis",1,1651,45,7.40913644392013,3.80666248977032
"Dicroglossidae","still","Euphlyctis_ehrenbergii",1,937,66,6.84268328223842,4.18965474202643
"Dicroglossidae","still","Fejervarya_limnocharis",1,2119,43,7.6586995582683,3.76120011569356
"Dicroglossidae","still","Fejervarya_sakishimensis",1,1030,55.5,6.93731408122368,4.01638302075239
"Dicroglossidae","still","Fejervarya_syhadrensis",1,3350,29.3,8.11671562481911,3.37758751602302
"Dicroglossidae","still","Hoplobatrachus_occipitalis",1,1250,104,7.13089883029635,4.64439089914137
"Dicroglossidae","still","Hoplobatrachus_tigerinus",1,520,120,6.25382881157547,4.78749174278205
"Dicroglossidae","still","Sphaerotheca_breviceps",1,1950,48,7.57558465155779,3.87120101090789
"Heleophrynidae","flowing","Hadromophryne_natalensis",1,1500,45,7.3132203870903,3.80666248977032
"Heleophrynidae","flowing","Heleophryne_purcelli",1,2250,47,7.71868549519847,3.85014760171006
"Heleophrynidae","flowing","Heleophryne_regis",1,1800,43,7.49554194388426,3.76120011569356
"Hylidae","flowing","Agalychnis_annae",1,1165,73.9,7.0604763659998,4.30271282795416
"Hylidae","flowing","Aplastodiscus_albofrenatus",1,2500,40,7.82404601085629,3.68887945411394
"Hylidae","flowing","Aplastodiscus_albosignatus",1,2630,52,7.87473912517181,3.95124371858143
"Hylidae","flowing","Aplastodiscus_arildae",1,2847,41.6,7.95402108727804,3.72810016726722
"Hylidae","flowing","Aplastodiscus_callipygius",1,1040,50.7,6.94697599213542,3.92592591059714
"Hylidae","flowing","Bokermannohyla_circumdata",1,1460,70,7.28619171470238,4.24849524204936
"Hylidae","flowing","Bokermannohyla_hylax",1,2000,61.5,7.60090245954208,4.11903717481247
"Hylidae","flowing","Duellmanohyla_rufioculis",1,2320,30,7.74932246466036,3.40119738166216
"Hylidae","flowing","Exerodonta_melanomma",1,2336,29.9,7.75619534394812,3.39785848039664
"Hylidae","flowing","Exerodonta_sumichrasti",1,2510,27.7,7.82803803212583,3.32143241319329
"Hylidae","flowing","Hylomantis_granulosa",1,1828,45.8,7.5109777520141,3.82428409112014
"Hylidae","flowing","Hyloscirtus_armatus",1,3600,68.5,8.1886891244442,4.22683374526818
"Hylidae","flowing","Hyloscirtus_colymba",1,3520,37,8.16621626859214,3.61091791264422
"Hylidae","flowing","Hyloscirtus_lindae",1,1553,68.1,7.34794382314869,4.22097721315547
"Hylidae","flowing","Hyloscirtus_pacha",1,1854,60.8,7.5251007461258,4.10758978897212
"Hylidae","flowing","Hyloscirtus_palmeri",1,2500,45,7.82404601085629,3.80666248977032
"Hylidae","flowing","Hyloscirtus_pantostictus",1,1570,63,7.35883089834235,4.14313472639153
"Hylidae","flowing","Hyloscirtus_phyllognathus",1,2588,34,7.85864065562079,3.52636052461616
"Hylidae","flowing","Hyloscirtus_tapichalaca",1,1469,63.8,7.29233717617388,4.15575319035074
"Hylidae","flowing","Hypsiboas_ericae",1,2700,34,7.90100705199242,3.52636052461616
"Hylidae","flowing","Hypsiboas_joaquini",1,1700,56.4,7.43838353004431,4.03246915850401
"Hylidae","flowing","Hypsiboas_microderma",1,3300,34,8.10167774745457,3.52636052461616
"Hylidae","flowing","Hypsiboas_roraima",1,2616,44.9,7.86940171257709,3.80443779474821
"Hylidae","flowing","Hypsiboas_semiguttatus",1,2450,46.1,7.80384330353877,3.8308129500026
"Hylidae","flowing","Isthmohyla_rivularis",1,2420,34,7.79152281915073,3.52636052461616
"Hylidae","flowing","Isthmohyla_tica",1,2228,34.1,7.70885960104718,3.52929738428947
"Hylidae","flowing","Litoria_leucova",1,4500,35.4,8.41183267575841,3.56671182013973
"Hylidae","flowing","Litoria_rheocola",1,2500,35.5,7.82404601085629,3.56953269648137
"Hylidae","flowing","Litoria_spartacus",1,2919,37.5,7.97899637085411,3.62434093297637
"Hylidae","flowing","Litoria_wollastoni",1,2950,42.7,7.98956044933387,3.75419892023458
"Hylidae","flowing","Myersiohyla_kanaima",1,3600,37.8,8.1886891244442,3.63230910262554
"Hylidae","flowing","Nyctimystes_cheesmani",1,1900,40,7.54960916515453,3.68887945411394
"Hylidae","flowing","Phyllomedusa_centralis",1,1451,42,7.28000825288419,3.73766961828337
"Hylidae","flowing","Phyllomedusa_megacephala",1,1722,43.2,7.45124168498768,3.76584049525006
"Hylidae","flowing","Plectrohyla_cyclada",1,2072,39.5,7.63626960337937,3.67630067190708
"Hylidae","flowing","Ptychohyla_euthysanota",1,3100,37.3,8.03915739047324,3.61899332664977
"Hylidae","flowing","Ptychohyla_leonhardschultzei",1,2750,35.6,7.91935619066062,3.57234563785798
"Hylidae","flowing","Ptychohyla_spinipollex",1,4300,41.2,8.36637030168165,3.71843825635548
"Hylidae","flowing","Smilisca_sordida",1,2695,45,7.8991534833431,3.80666248977032
"Hylidae","still","Agalychnis_callidryas",1,2006,59,7.60389796852188,4.07753744390572
"Hylidae","still","Agalychnis_litodryas",1,1664,72.2,7.41697962138115,4.27944004589878
"Hylidae","still","Agalychnis_saltator",1,1800,54,7.49554194388426,3.98898404656427
"Hylidae","still","Agalychnis_spurrelli",1,893,75.6,6.7945865808765,4.32545628318549
"Hylidae","still","Argenteohyla_siemersi",1,1882,70,7.54009032014532,4.24849524204936
"Hylidae","still","Cyclorana_brevipes",1,1930,45,7.56527528189893,3.80666248977032
"Hylidae","still","Cyclorana_cryptotis",1,1060,41,6.96602418710611,3.71357206670431
"Hylidae","still","Cyclorana_cultripes",1,1879,52,7.53849499941346,3.95124371858143
"Hylidae","still","Cyclorana_manya",1,2500,29.9,7.82404601085629,3.39785848039664
"Hylidae","still","Dendropsophus_allenorum",1,3430,21.4,8.14031554015999,3.06339092202781
"Hylidae","still","Dendropsophus_anceps",1,3244,40,8.0845624152353,3.68887945411394
"Hylidae","still","Dendropsophus_berthalutzae",1,4041,21,8.30424746507847,3.04452243772342
"Hylidae","still","Dendropsophus_bifurcus",1,2958,28,7.99226864327075,3.3322045101752
"Hylidae","still","Dendropsophus_bipunctatus",1,5426,25,8.59895749321888,3.2188758248682
"Hylidae","still","Dendropsophus_brevifrons",1,4254,22,8.35561499576018,3.09104245335832
"Hylidae","still","Dendropsophus_carnifex",1,2490,27.7,7.82003798945875,3.32143241319329
"Hylidae","still","Dendropsophus_ebraccatus",1,2577,27.8,7.85438121065236,3.32503602069659
"Hylidae","still","Dendropsophus_elegans",1,3500,29.6,8.1605182474775,3.38777436133001
"Hylidae","still","Dendropsophus_giesleri",1,3300,25,8.10167774745457,3.2188758248682
"Hylidae","still","Dendropsophus_koechlini",1,4500,24,8.41183267575841,3.17805383034795
"Hylidae","still","Dendropsophus_labialis",1,1750,43,7.46737106691756,3.76120011569356
"Hylidae","still","Dendropsophus_leali",1,6200,23,8.73230457103318,3.13549421592915
"Hylidae","still","Dendropsophus_leucophyllatus",1,2482,36,7.81681996576455,3.58351893845611
"Hylidae","still","Dendropsophus_marmoratus",1,1514,44,7.32251043399739,3.78418963391826
"Hylidae","still","Dendropsophus_microcephalus",1,6210,24.5,8.73391617492752,3.19867311755068
"Hylidae","still","Dendropsophus_minusculus",1,9186,20.6,9.12543586488574,3.02529107579554
"Hylidae","still","Dendropsophus_nanus",1,4200,22,8.34283980427146,3.09104245335832
"Hylidae","still","Dendropsophus_rhodopeplus",1,5670,24.2,8.6429443967218,3.18635263316264
"Hylidae","still","Dendropsophus_riveroi",1,5314,20,8.57810012631976,2.99573227355399
"Hylidae","still","Dendropsophus_robertmertensi",1,5388,26.4,8.59192953753026,3.27336401015227
"Hylidae","still","Dendropsophus_rubicundulus",1,3500,28.3,8.1605182474775,3.34286180464919
"Hylidae","still","Dendropsophus_sanborni",1,5100,17,8.53699581871242,2.83321334405622
"Hylidae","still","Dendropsophus_sarayacuensis",1,2990,29,8.00302866638473,3.36729582998647
"Hylidae","still","Dendropsophus_sartori",1,3217,26,8.07620452723903,3.25809653802148
"Hylidae","still","Dendropsophus_seniculus",1,3969,37.7,8.28626945278307,3.62966009445396
"Hylidae","still","Dendropsophus_triangulum",1,2298,28,7.7397944584087,3.3322045101752
"Hylidae","still","Hyla_andersonii",1,1100,51,7.00306545878646,3.93182563272433
"Hylidae","still","Hyla_arborea",1,2122,50,7.66011431917393,3.91202300542815
"Hylidae","still","Hyla_chinensis",1,4000,32,8.29404964010203,3.46573590279973
"Hylidae","still","Hyla_chrysoscelis",1,2400,51,7.78322401633604,3.93182563272433
"Hylidae","still","Hyla_femoralis",1,2600,37,7.86326672400957,3.61091791264422
"Hylidae","still","Hyla_gratiosa",1,1840,68,7.51752085060303,4.21950770517611
"Hylidae","still","Hyla_intermedia",1,2388,50,7.77821147451249,3.91202300542815
"Hylidae","still","Hyla_meridionalis",1,2750,50,7.91935619066062,3.91202300542815
"Hylidae","still","Hyla_molleri",1,2750,45,7.91935619066062,3.80666248977032
"Hylidae","still","Hyla_squirella",1,3344,36,8.11492297420459,3.58351893845611
"Hylidae","still","Hyla_versicolor",1,2200,51,7.69621263934641,3.93182563272433
"Hylidae","still","Hylomantis_lemur",1,2396,40.8,7.78155595923534,3.70868208141012
"Hylidae","still","Hypsiboas_albopunctatus",1,2168,60,7.68156036255954,4.0943445622221
"Hylidae","still","Hypsiboas_bischoffi",1,1750,46.1,7.46737106691756,3.8308129500026
"Hylidae","still","Hypsiboas_cinerascens",1,1390,44,7.23705902612474,3.78418963391826
"Hylidae","still","Hypsiboas_fasciatus",1,2530,40.3,7.83597458172157,3.69635146895264
"Hylidae","still","Hypsiboas_ornatissimus",1,2855,31,7.95682712209011,3.43398720448515
"Hylidae","still","Hypsiboas_pardalis",1,1133,69,7.03262426102801,4.23410650459726
"Hylidae","still","Hypsiboas_pellucens",1,800,61.6,6.68461172766793,4.12066187053947
"Hylidae","still","Hypsiboas_rufitelus",1,1600,49.2,7.37775890822787,3.89589362349826
"Hylidae","still","Hypsiboas_semilineatus",1,1014,51,6.92165818415113,3.93182563272433
"Hylidae","still","Isthmohyla_pseudopuma",1,956,41.4,6.8627579130514,3.72328088083127
"Hylidae","still","Litoria_gracilenta",1,2750,38,7.91935619066062,3.63758615972639
"Hylidae","still","Litoria_impura",1,1240,42,7.12286665859908,3.73766961828337
"Hylidae","still","Litoria_inermis",1,3800,33,8.24275634571448,3.49650756146648
"Hylidae","still","Litoria_latopalmata",1,2900,39,7.97246601597457,3.66356164612965
"Hylidae","still","Litoria_pallida",1,1963,34,7.58222919427646,3.52636052461616
"Hylidae","still","Litoria_raniformis",1,900,79.9,6.80239476332431,4.38077585277223
"Hylidae","still","Litoria_thesaurensis",1,1774,65,7.48099216286952,4.17438726989564
"Hylidae","still","Litoria_tornieri",1,2725,33,7.91022370709734,3.49650756146648
"Hylidae","still","Osteocephalus_taurinus",1,1501,85,7.31388683163346,4.44265125649032
"Hylidae","still","Osteopilus_septentrionalis",1,2300,89,7.74066440191724,4.48863636973214
"Hylidae","still","Pachymedusa_dacnicolor",1,1727,82.6,7.45414107814668,4.41400968052693
"Hylidae","still","Phyllomedusa_atelopoides",1,1150,37.4,7.0475172213573,3.62167070442049
"Hylidae","still","Phyllomedusa_azurea",1,2333,43.46,7.75491027202143,3.77184097482828
"Hylidae","still","Phyllomedusa_bahiana",1,960,74.5,6.86693328446188,4.31079912538551
"Hylidae","still","Phyllomedusa_bicolor",1,940,103,6.84587987526405,4.63472898822964
"Hylidae","still","Phyllomedusa_burmeisteri",1,1500,75.8,7.3132203870903,4.32809829264833
"Hylidae","still","Phyllomedusa_camba",1,860,74,6.75693238924755,4.30406509320417
"Hylidae","still","Phyllomedusa_distincta",1,1250,66,7.13089883029635,4.18965474202643
"Hylidae","still","Phyllomedusa_duellmani",1,950,54.2,6.85646198459459,3.9926809084456
"Hylidae","still","Phyllomedusa_hypochondrialis",1,2047,43.73,7.62413058566129,3.77803436542483
"Hylidae","still","Phyllomedusa_neildi",1,762,63.8,6.63594655568665,4.15575319035074
"Hylidae","still","Phyllomedusa_nordestina",1,2076,42.1,7.63819824428578,3.74004774068834
"Hylidae","still","Phyllomedusa_palliata",1,1500,43.8,7.3132203870903,3.7796338173824
"Hylidae","still","Phyllomedusa_sauvagii",1,2000,89.2,7.60090245954208,4.49088103958596
"Hylidae","still","Phyllomedusa_tarsius",1,870,90,6.76849321164863,4.49980967033027
"Hylidae","still","Phyllomedusa_tetraploidea",1,1700,63.8,7.43838353004431,4.15575319035074
"Hylidae","still","Phyllomedusa_tomopterna",1,1790,54,7.4899708988348,3.98898404656427
"Hylidae","still","Phyllomedusa_trinitatis",1,800,81,6.68461172766793,4.39444915467244
"Hylidae","still","Pseudacris_brachyphona",1,2394,32,7.78072088611792,3.46573590279973
"Hylidae","still","Pseudacris_clarkii",1,3072,29,8.03008409426756,3.36729582998647
"Hylidae","still","Pseudacris_feriarum",1,2977,27.3,7.99867136101578,3.30688670219091
"Hylidae","still","Pseudacris_fouquettei",1,3138,29.8,8.05134093329298,3.39450839351136
"Hylidae","still","Pseudacris_illinoensis",1,2168,43,7.68156036255954,3.76120011569356
"Hylidae","still","Pseudacris_kalmi",1,2972,38.1,7.99699040583765,3.64021428213266
"Hylidae","still","Pseudacris_nigrita",1,3149,28,8.05484022110102,3.3322045101752
"Hylidae","still","Pseudacris_ornata",1,2651,39,7.88269220628903,3.66356164612965
"Hylidae","still","Pseudacris_triseriata",1,2776,32,7.9287663216267,3.46573590279973
"Hylidae","still","Pseudis_bolbodactyla",1,1937,45,7.568895663407,3.80666248977032
"Hylidae","still","Scinax_berthae",1,4886,22.2,8.49412925181769,3.10009228887823
"Hylidae","still","Scinax_boesemani",1,1420,31.1,7.25841215059531,3.43720781918519
"Hylidae","still","Scinax_boulengeri",1,1615,48.7,7.38709023565676,3.88567903008854
"Hylidae","still","Scinax_crospedospilus",1,1350,33.3,7.20785987143248,3.5055573969864
"Hylidae","still","Scinax_cruentommus",1,3300,28,8.10167774745457,3.3322045101752
"Hylidae","still","Scinax_fuscovarius",1,855,47.1,6.75110146893676,3.85227300102237
"Hylidae","still","Scinax_nasicus",1,1064,37,6.96979066990159,3.61091791264422
"Hylidae","still","Scinax_proboscideus",1,2012,39.8,7.60688453121963,3.68386691229039
"Hylidae","still","Scinax_rostratus",1,3050,45.7,8.02289686960146,3.82209829790016
"Hylidae","still","Scinax_ruber",1,700,41.2,6.5510803350434,3.71843825635548
"Hylidae","still","Scinax_staufferi",1,3056,29,8.02486215028641,3.36729582998647
"Hylidae","still","Scinax_sugillatus",1,2023,42,7.61233683716775,3.73766961828337
"Hylidae","still","Scinax_uruguayus",1,4350,25.8,8.37793112408273,3.25037449192757
"Hylidae","still","Scinax_x-signatus",1,1110,42.5,7.01211529430638,3.74950407593037
"Hylidae","still","Smilisca_baudinii",1,350,76,5.85793315448346,4.33073334028633
"Hylidae","still","Smilisca_fodiens",1,2230,62.6,7.70975686445416,4.13676527810605
"Hylidae","still","Smilisca_phaeota",1,372,65.5,5.91889385427315,4.18205014264121
"Hylidae","still","Smilisca_puma",1,740,38.1,6.60665018619822,3.64021428213266
"Hylidae","still","Sphaenorhynchus_lacteus",1,2240,41.5,7.71423114484909,3.72569342723665
"Hylidae","still","Sphaenorhynchus_orophilus",1,2350,32,7.7621706071382,3.46573590279973
"Hylidae","still","Tlalocohyla_loquax",1,2323,44.7,7.75061473277041,3.79997350161952
"Hylidae","still","Tlalocohyla_picta",1,2661,21.4,7.88645727097769,3.06339092202781
"Hylidae","still","Trachycephalus_coriaceus",1,2090,63,7.64491934495886,4.14313472639153
"Hylidae","still","Trachycephalus_mesophaeus",1,1014,85,6.92165818415113,4.44265125649032
"Hylidae","still","Trachycephalus_nigromaculatus",1,1990,86,7.59588991771854,4.45434729625351
"Hylidae","still","Triprion_petasatus",1,2096,60.8,7.64778604544093,4.10758978897212
"Hylodidae","flowing","Crossodactylus_caramaschii",1,5000,25.8,8.51719319141624,3.25037449192757
"Hylodidae","flowing","Crossodactylus_schmidti",1,3306,30,8.10349427838097,3.40119738166216
"Hylodidae","flowing","Hylodes_dactylocinus",1,2973,27,7.9973268229981,3.29583686600433
"Hylodidae","flowing","Hylodes_meridionalis",1,4400,37.5,8.38935981990635,3.62434093297637
"Hylodidae","flowing","Hylodes_perplicatus",1,3400,39.8,8.13153071060425,3.68386691229039
"Hylodidae","flowing","Hylodes_phyllodes",1,5000,31.4,8.51719319141624,3.44680789291421
"Hylodidae","flowing","Hylodes_sazimai",1,4750,28.5,8.46589989702869,3.3499040872746
"Hyperoliidae","flowing","Afrixalus_laevis",1,3000,23,8.00636756765025,3.13549421592915
"Hyperoliidae","flowing","Hyperolius_alticola",1,2250,33,7.71868549519847,3.49650756146648
"Hyperoliidae","flowing","Hyperolius_guttulatus",1,2000,35,7.60090245954208,3.55534806148941
"Hyperoliidae","flowing","Hyperolius_picturatus",1,3850,31,8.25582842728183,3.43398720448515
"Hyperoliidae","flowing","Hyperolius_torrentis",1,3500,38,8.1605182474775,3.63758615972639
"Hyperoliidae","flowing","Hyperolius_viridiflavus",1,4250,30,8.35467426191846,3.40119738166216
"Hyperoliidae","still","Afrixalus_delicatus",1,4525,22.2,8.41737285613403,3.10009228887823
"Hyperoliidae","still","Afrixalus_dorsalis",1,3587,28,8.18507147753228,3.3322045101752
"Hyperoliidae","still","Afrixalus_fornasini",1,2450,38,7.80384330353877,3.63758615972639
"Hyperoliidae","still","Afrixalus_knysnae",1,3800,25,8.24275634571448,3.2188758248682
"Hyperoliidae","still","Afrixalus_paradorsalis",1,2864,34,7.95997452808054,3.52636052461616
"Hyperoliidae","still","Afrixalus_stuhlmanni",1,4650,21.1,8.4446224985814,3.04927304048202
"Hyperoliidae","still","Heterixalus_andrakata",1,3200,29,8.07090608878782,3.36729582998647
"Hyperoliidae","still","Heterixalus_betsileo",1,3000,28,8.00636756765025,3.3322045101752
"Hyperoliidae","still","Heterixalus_boettgeri",1,2850,25,7.9550742732627,3.2188758248682
"Hyperoliidae","still","Heterixalus_carbonei",1,3200,26.4,8.07090608878782,3.27336401015227
"Hyperoliidae","still","Heterixalus_luteostriatus",1,3500,28,8.1605182474775,3.3322045101752
"Hyperoliidae","still","Heterixalus_madagascariensis",1,3375,35,8.12415060330663,3.55534806148941
"Hyperoliidae","still","Heterixalus_tricolor",1,3000,26,8.00636756765025,3.25809653802148
"Hyperoliidae","still","Heterixalus_variabilis",1,3500,31,8.1605182474775,3.43398720448515
"Hyperoliidae","still","Hyperolius_argus",1,2000,34,7.60090245954208,3.52636052461616
"Hyperoliidae","still","Hyperolius_baumanni",1,3000,30,8.00636756765025,3.40119738166216
"Hyperoliidae","still","Hyperolius_cinnamomeoventris",1,3246,28,8.08517874807454,3.3322045101752
"Hyperoliidae","still","Hyperolius_cystocandicans",1,2813,28,7.94200680848986,3.3322045101752
"Hyperoliidae","still","Hyperolius_kivuensis",1,2649,33,7.88193748927207,3.49650756146648
"Hyperoliidae","still","Hyperolius_montanus",1,2750,28,7.91935619066062,3.3322045101752
"Hyperoliidae","still","Hyperolius_phantasticus",1,2529,37,7.83557924666997,3.61091791264422
"Hyperoliidae","still","Hyperolius_puncticulatus",1,2000,33,7.60090245954208,3.49650756146648
"Hyperoliidae","still","Hyperolius_pusillus",1,4950,21,8.50714285556274,3.04452243772342
"Hyperoliidae","still","Kassina_maculata",1,1700,65,7.43838353004431,4.17438726989564
"Hyperoliidae","still","Kassina_senegalensis",1,1000,49,6.90775527898214,3.89182029811063
"Hyperoliidae","still","Phlyctimantis_verrucosus",1,1600,52,7.37775890822787,3.95124371858143
"Hyperoliidae","still","Semnodactylus_wealii",1,2000,44,7.60090245954208,3.78418963391826
"Leptodactylidae","still","Edalorhina_perezi",1,2700,30.2,7.90100705199242,3.40784192438082
"Leptodactylidae","still","Engystomops_coloradorum",1,1060,24.1,6.96602418710611,3.18221184049661
"Leptodactylidae","still","Engystomops_guayaco",1,2114,19.4,7.65633716643018,2.96527306606928
"Leptodactylidae","still","Engystomops_pustulatus",1,947,29.9,6.85329909318608,3.39785848039664
"Leptodactylidae","still","Engystomops_pustulosus",1,546,34,6.30261897574491,3.52636052461616
"Leptodactylidae","still","Engystomops_randi",1,1116,18.56,7.01750614294126,2.92100872735805
"Leptodactylidae","still","Eupemphix_nattereri",1,710,42.7,6.56526497003536,3.75419892023458
"Leptodactylidae","still","Leptodactylus_bufonius",1,1500,53.6,7.3132203870903,3.98154906807676
"Leptodactylidae","still","Leptodactylus_chaquensis",1,365,99.7,5.89989735358249,4.60216567696779
"Leptodactylidae","still","Leptodactylus_didymus",1,780,46.7,6.65929391968364,3.84374416467485
"Leptodactylidae","still","Leptodactylus_diedrus",1,820,40.4,6.7093043402583,3.6988297849671
"Leptodactylidae","still","Leptodactylus_elenae",1,1160,45.2,7.05617528410041,3.81109708683819
"Leptodactylidae","still","Leptodactylus_fuscus",1,560,52.1,6.32793678372919,3.95316494875932
"Leptodactylidae","still","Leptodactylus_gracilis",1,1970,47.8,7.58578882173203,3.86702563949741
"Leptodactylidae","still","Leptodactylus_griseigularis",1,2770,51,7.92660259918138,3.93182563272433
"Leptodactylidae","still","Leptodactylus_knudseni",1,500,159,6.21460809842219,5.06890420222023
"Leptodactylidae","still","Leptodactylus_labyrinthicus",1,391,170,5.96870755998537,5.13579843705026
"Leptodactylidae","still","Leptodactylus_leptodactyloides",1,1200,48,7.09007683577609,3.87120101090789
"Leptodactylidae","still","Leptodactylus_longirostris",1,2315,40,7.74716496652033,3.68887945411394
"Leptodactylidae","still","Leptodactylus_melanonotus",1,1840,46,7.51752085060303,3.8286413964891
"Leptodactylidae","still","Leptodactylus_mystaceus",1,1056,52.2,6.96224346426621,3.95508249488859
"Leptodactylidae","still","Leptodactylus_mystacinus",1,2275,65,7.72973533138505,4.17438726989564
"Leptodactylidae","still","Leptodactylus_notoaktites",1,1230,50.8,7.11476944836646,3.92789635458444
"Leptodactylidae","still","Leptodactylus_ocellatus",1,175,120,5.16478597392351,4.78749174278205
"Leptodactylidae","still","Leptodactylus_pentadactylus",1,545,177,6.30078579466324,5.17614973257383
"Leptodactylidae","still","Leptodactylus_podicipinus",1,1970,44.7,7.58578882173203,3.79997350161952
"Leptodactylidae","still","Leptodactylus_rhodonotus",1,2000,79,7.60090245954208,4.36944785246702
"Leptodactylidae","still","Leptodactylus_spixi",1,1634,43,7.39878627541995,3.76120011569356
"Leptodactylidae","still","Leptodactylus_vastus",1,430,180.3,6.06378520868761,5.19462213020927
"Leptodactylidae","still","Lithodytes_lineatus",1,2600,47,7.86326672400957,3.85014760171006
"Leptodactylidae","still","Paratelmatobius_cardosoi",1,2550,17.9,7.84384863815247,2.88480071284671
"Leptodactylidae","still","Physalaemus_albonotatus",1,2399,32.4,7.78280726283969,3.47815842279828
"Leptodactylidae","still","Physalaemus_barrioi",1,2265,29.45,7.72533003791713,3.3826939100976
"Leptodactylidae","still","Physalaemus_biligonigerus",1,568,45,6.34212141872115,3.80666248977032
"Leptodactylidae","still","Physalaemus_cuvieri",1,690,25.9,6.5366915975913,3.25424296870549
"Leptodactylidae","still","Physalaemus_ephippifer",1,840,28,6.73340189183736,3.3322045101752
"Leptodactylidae","still","Physalaemus_signifer",1,1210,25.9,7.09837563859079,3.25424296870549
"Leptodactylidae","still","Pleurodema_bibroni",1,1960,38,7.58069975222456,3.63758615972639
"Leptodactylidae","still","Pleurodema_brachyops",1,732,49,6.59578051396131,3.89182029811063
"Limnodynastidae","still","Neobatrachus_pelobatoides",1,816,39.6,6.70441435496411,3.67882911826043
"Limnodynastidae","still","Neobatrachus_pictus",1,1300,55,7.17011954344963,4.00733318523247
"Limnodynastidae","still","Neobatrachus_sudelli",1,1509,40,7.31920245876785,3.68887945411394
"Mantellidae","flowing","Boophis_boehmei",1,2500,30,7.82404601085629,3.40119738166216
"Mantellidae","flowing","Boophis_luteus",1,3250,40,8.08641027532378,3.68887945411394
"Mantellidae","flowing","Boophis_marojezensis",1,5583,27,8.62748154531036,3.29583686600433
"Mantellidae","flowing","Boophis_rappiodes",1,3000,25.1,8.00636756765025,3.22286784613774
"Mantellidae","flowing","Boophis_sibilans",1,3300,32.5,8.10167774745457,3.48124008933569
"Mantellidae","flowing","Boophis_vittatus",1,7250,25.5,8.88875674784872,3.23867845216438
"Mantellidae","flowing","Mantella_viridis",1,4350,25,8.37793112408273,3.2188758248682
"Mantellidae","flowing","Mantidactylus_argenteus",1,4250,27,8.35467426191846,3.29583686600433
"Mantellidae","flowing","Mantidactylus_charlotteae",1,2900,26.2,7.97246601597457,3.26575941076705
"Mantellidae","flowing","Mantidactylus_opiparis",1,3150,26.1,8.05515773181968,3.26193531432865
"Mantellidae","still","Aglyptodactylus_laticeps",1,2350,45.4,7.7621706071382,3.8155121050473
"Mantellidae","still","Blommersia_blommersae",1,6000,21.3,8.69951474821019,3.05870707271538
"Mantellidae","still","Blommersia_kely",1,4700,15.9,8.45531778769815,2.76631910922619
"Mantellidae","still","Blommersia_sarotra",1,4592,16.8,8.4320709379994,2.82137888640921
"Mantellidae","still","Boophis_goudotii",1,750,70,6.62007320653036,4.24849524204936
"Mantellidae","still","Boophis_xerophilus",1,2700,38.7,7.90100705199242,3.65583960003574
"Mantellidae","still","Guibemantis_tornieri",1,1850,49,7.52294091807237,3.89182029811063
"Megophyidae","flowing","Leptobrachium_gunungense",1,1200,65,7.09007683577609,4.17438726989564
"Megophyidae","flowing","Leptobrachium_montanum",1,800,62.7,6.68461172766793,4.13836144763888
"Megophyidae","flowing","Leptolalax_arayai",1,5588,29.6,8.62837672037685,3.38777436133001
"Megophyidae","flowing","Leptolalax_oshanensis",1,4512,30.7,8.4144957931779,3.42426265459315
"Megophyidae","flowing","Leptolalax_pictus",1,7000,36,8.85366542803745,3.58351893845611
"Megophyidae","flowing","Megophrys_nasuta",1,2250,105,7.71868549519847,4.65396035015752
"Megophyidae","flowing","Oreolalax_omeimontis",1,1071,58.4,6.97634807044775,4.06731588983418
"Megophyidae","flowing","Xenophrys_minor",1,3456,32,8.14786712992395,3.46573590279973
"Microhylidae","still","Calluella_guttulata",1,1950,49,7.57558465155779,3.89182029811063
"Microhylidae","still","Chiasmocleis_shudikarensis",1,3565,24.5,8.1789193328484,3.19867311755068
"Microhylidae","still","Dermatonotus_muelleri",1,1758,62.4,7.47193207824512,4.13356527537538
"Microhylidae","still","Elachistocleis_ovalis",1,3838,36,8.25270667656764,3.58351893845611
"Microhylidae","still","Gastrophryne_elegans",1,3100,25.8,8.03915739047324,3.25037449192757
"Microhylidae","still","Glyphoglossus_molossus",1,700,77,6.5510803350434,4.34380542185368
"Microhylidae","still","Hamptophryne_boliviana",1,2208,35,7.69984240739699,3.55534806148941
"Microhylidae","still","Hypopachus_variolosus",1,2750,48,7.91935619066062,3.87120101090789
"Microhylidae","still","Kaloula_pulchra",1,2500,70,7.82404601085629,4.24849524204936
"Microhylidae","still","Microhyla_butleri",1,2850,26,7.9550742732627,3.25809653802148
"Microhylidae","still","Phrynomantis_bifasciatus",1,1800,53,7.49554194388426,3.97029191355212
"Microhylidae","still","Phrynomantis_microps",1,1260,47.3,7.13886699994552,3.85651029549789
"Microhylidae","still","Scaphiophryne_boribory",1,700,60,6.5510803350434,4.0943445622221
"Microhylidae","still","Scaphiophryne_gottlebei",1,950,30,6.85646198459459,3.40119738166216
"Microhylidae","still","Scaphiophryne_madagascariensis",1,1000,49,6.90775527898214,3.89182029811063
"Microhylidae","still","Scaphiophryne_menabensis",1,850,42,6.74523634948436,3.73766961828337
"Microhylidae","still","Scaphiophryne_spinosa",1,800,48,6.68461172766793,3.87120101090789
"Myobatrachidae","flowing","Crinia_riparia",1,2735,25.2,7.91388671485608,3.22684399451738
"Myobatrachidae","still","Geocrinia_victoriana",1,2676,27,7.89207842124812,3.29583686600433
"Myobatrachidae","still","Pseudophryne_bibronii",1,2640,30,7.87853419614036,3.40119738166216
"Myobatrachidae","still","Uperoleia_laevigata",1,2260,35,7.72312009226633,3.55534806148941
"Nyctibatrachidae","flowing","Nyctibatrachus_major",1,1250,55,7.13089883029635,4.00733318523247
"Odontophrynidae","flowing","Odontophrynus_achalensis",1,933,49.4,6.83840520084734,3.89995042419388
"Odontophrynidae","flowing","Proceratophrys_avelinoi",1,1600,29.2,7.37775890822787,3.37416870927424
"Odontophrynidae","flowing","Proceratophrys_bigibbosa",1,1050,43.8,6.95654544315157,3.7796338173824
"Odontophrynidae","flowing","Proceratophrys_concavitympanum",1,818,57.1,6.70686233660275,4.04480411666196
"Odontophrynidae","flowing","Proceratophrys_cristiceps",1,940,50.2,6.84587987526405,3.91601502669768
"Odontophrynidae","flowing","Proceratophrys_cururu",1,800,43.1,6.68461172766793,3.7635229971097
"Odontophrynidae","flowing","Proceratophrys_goyana",1,1006,46.5,6.91373735065968,3.83945231259331
"Odontophrynidae","flowing","Proceratophrys_melanopogon",1,1179,49.9,7.07242190053737,3.91002100275747
"Odontophrynidae","still","Macrogenioglottus_alipioi",1,515,100,6.24416690066374,4.60517018598809
"Odontophrynidae","still","Odontophrynus_americanus",1,1035,58,6.94215670569947,4.06044301054642
"Phrynobatrachidae","flowing","Phrynobatrachus_dendrobates",1,3800,31,8.24275634571448,3.43398720448515
"Pipidae","still","Xenopus_ruwenzoriensis",1,1500,44,7.3132203870903,3.78418963391826
"Ptychadenidae","still","Hildebrandtia_ornata",1,1400,650,7.24422751560335,6.47697236288968
"Ptychadenidae","still","Ptychadena_anchietae",1,1750,51,7.46737106691756,3.93182563272433
"Ptychadenidae","still","Ptychadena_mahnerti",1,3000,42,8.00636756765025,3.73766961828337
"Ptychadenidae","still","Ptychadena_oxyrhynchus",1,1715,53,7.44716835960004,3.97029191355212
"Ptychadenidae","still","Ptychadena_porosissima",1,4091,44.1,8.3165447179294,3.7864597824528
"Ptychadenidae","still","Ptychadena_taenioscelis",1,2450,35,7.80384330353877,3.55534806148941
"Pyxicephalidae","flowing","Poyntonia_paludicola",1,2200,30,7.69621263934641,3.40119738166216
"Pyxicephalidae","still","Cacosternum_boettgeri",1,4500,19,8.41183267575841,2.94443897916644
"Pyxicephalidae","still","Cacosternum_capense",1,2300,31.5,7.74066440191724,3.44998754583159
"Pyxicephalidae","still","Cacosternum_nanum",1,3600,15,8.1886891244442,2.70805020110221
"Pyxicephalidae","still","Microbatrachella_capensis",1,4900,15,8.49699048409872,2.70805020110221
"Pyxicephalidae","still","Pyxicephalus_adspersus",1,225,245,5.41610040220442,5.50125821054473
"Pyxicephalidae","still","Pyxicephalus_edulis",1,525,120,6.26339826259162,4.78749174278205
"Pyxicephalidae","still","Strongylopus_grayii",1,2300,35,7.74066440191724,3.55534806148941
"Pyxicephalidae","still","Tomopterna_cryptotis",1,3450,45,8.14612951002541,3.80666248977032
"Pyxicephalidae","still","Tomopterna_delalandii",1,2500,44.8,7.82404601085629,3.80220813942094
"Pyxicephalidae","still","Tomopterna_krugerensis",1,2500,44.8,7.82404601085629,3.80220813942094
"Pyxicephalidae","still","Tomopterna_tuberculosa",1,2600,40,7.86326672400957,3.68887945411394
"Ranidae","flowing","Amolops_chunganensis",1,3425,39,8.13885675069633,3.66356164612965
"Ranidae","flowing","Amolops_larutensis",1,5033,30,8.52377150677636,3.40119738166216
"Ranidae","flowing","Amolops_panhai",1,6500,34,8.77955745588373,3.52636052461616
"Ranidae","flowing","Amolops_wuyiensis",1,2232,47,7.7106533235012,3.85014760171006
"Ranidae","flowing","Huia_cavitympanum",1,15966,52,9.67821674020574,3.95124371858143
"Ranidae","flowing","Huia_masonii",1,12000,37.8,9.39266192877014,3.63230910262554
"Ranidae","flowing","Meristogenys_jerboa",1,5650,44,8.63941082414049,3.78418963391826
"Ranidae","flowing","Meristogenys_orphnocnemis",1,7205,37.3,8.88253050843362,3.61899332664977
"Ranidae","flowing","Odorrana_schmackeri",1,3479,46,8.15450017515194,3.8286413964891
"Ranidae","flowing","Odorrana_tormota",1,7000,33,8.85366542803745,3.49650756146648
"Ranidae","flowing","Rana_amamiensis",1,2850,69,7.9550742732627,4.23410650459726
"Ranidae","flowing","Rana_hosii",1,4950,68,8.50714285556274,4.21950770517611
"Ranidae","flowing","Rana_laterimaculata",1,3245,39,8.08487062913819,3.66356164612965
"Ranidae","flowing","Rana_livida",1,5250,54,8.56598335558567,3.98898404656427
"Ranidae","flowing","Rana_picturata",1,2500,54,7.82404601085629,3.98898404656427
"Ranidae","flowing","Rana_supranarina",1,1840,76.8,7.51752085060303,4.34120464015363
"Ranidae","flowing","Rana_temporalis",1,3100,55.3,8.03915739047324,4.01277290852829
"Ranidae","flowing","Rana_utsunomiyaorum",1,2326,48.1,7.75190533307861,3.87328217711172
"Ranidae","flowing","Staurois_latopalmatus",1,5149,47.7,8.54655780004614,3.8649313978943
"Ranidae","flowing","Staurois_natator",1,4746,35.5,8.46505743699571,3.56953269648137
"Ranidae","flowing","Staurois_parvus",1,5578,23.6,8.62658556818743,3.16124671203156
"Ranidae","flowing","Staurois_tuberilinguis",1,5240,30.2,8.56407677731509,3.40784192438082
"Ranidae","still","Amnirana_galamensis",1,2500,78,7.82404601085629,4.35670882668959
"Ranidae","still","Hylarana_nicobariensis",1,1825,46.2,7.50933526601659,3.83297979808769
"Ranidae","still","Rana_adenopleura",1,650,51,6.47697236288968,3.93182563272433
"Ranidae","still","Rana_baramica",1,2000,55.6,7.60090245954208,4.01818320125654
"Ranidae","still","Rana_curtipes",1,1222,51.4,7.10824413973154,3.93963817246112
"Ranidae","still","Rana_dalmatina",1,682,59,6.52502965784346,4.07753744390572
"Ranidae","still","Rana_erythraea",1,2459,48,7.80751004221619,3.87120101090789
"Ranidae","still","Rana_forreri",1,850,90,6.74523634948436,4.49980967033027
"Ranidae","still","Rana_glandulosa",1,1380,55,7.22983877815125,4.00733318523247
"Ranidae","still","Rana_lessonae",1,1831,57,7.51261754467451,4.04305126783455
"Ranidae","still","Rana_luctuosa",1,1500,68,7.3132203870903,4.21950770517611
"Ranidae","still","Rana_nigromaculata",1,2043,81,7.62217459481762,4.39444915467244
"Ranidae","still","Rana_plancyi",1,1840,50,7.51752085060303,3.91202300542815
"Ranidae","still","Rana_pretiosa",1,1000,75,6.90775527898214,4.31748811353631
"Ranidae","still","Rana_septentrionalis",1,605,63.1,6.40522845803084,4.14472076954717
"Ranidae","still","Rana_taylori",1,1350,78,7.20785987143248,4.35670882668959
"Rhacophoridae","flowing","Buergeria_robusta",1,1850,52,7.52294091807237,3.95124371858143
"Rhacophoridae","flowing","Ghatixalus_variabilis",1,3135,48,8.05038445306702,3.87120101090789
"Rhacophoridae","still","Chiromantis_doriae",1,4300,26.5,8.36637030168165,3.27714473299218
"Rhacophoridae","still","Chiromantis_rufescens",1,1650,49,7.40853056689463,3.89182029811063
"Rhacophoridae","still","Chiromantis_vittatus",1,3900,25.2,8.26873183211774,3.22684399451738
"Rhacophoridae","still","Chiromantis_xerampelina",1,1700,75,7.43838353004431,4.31748811353631
"Rhacophoridae","still","Kurixalus_idiootocus",1,2300,24.9,7.74066440191724,3.21486780347066
"Rhacophoridae","still","Polypedates_leucomystax",1,1528,63,7.33171496972647,4.14313472639153
"Rhacophoridae","still","Polypedates_maculatus",1,1550,57,7.34601020991329,4.04305126783455
"Rhacophoridae","still","Rhacophorus_arboreus",1,1400,60,7.24422751560335,4.0943445622221
"Rhacophoridae","still","Rhacophorus_chenfui",1,2329,41,7.75319426988434,3.71357206670431
"Rhacophoridae","still","Rhacophorus_dennysi",1,1321,96,7.18614430452233,4.56434819146784
"Rhacophoridae","still","Rhacophorus_dugritei",1,1600,40.8,7.37775890822787,3.70868208141012
"Rhacophoridae","still","Rhacophorus_kio",1,890,79.1,6.79122146272619,4.37071287477361
"Rhacophoridae","still","Rhacophorus_malabaricus",2,1257.5,48.65,7.13688090197389,3.88465180863201
"Rhacophoridae","still","Rhacophorus_omeimontis",1,972,70,6.87935580446044,4.24849524204936
"Rhacophoridae","still","Rhacophorus_reinwardtii",1,1300,52.5,7.17011954344963,3.96081316959758
"Rhacophoridae","still","Rhacophorus_schlegelii",1,1900,43,7.54960916515453,3.76120011569356
"Rhinophrynidae","still","Rhinophrynus_dorsalis",1,1525,75,7.32974968904151,4.31748811353631
"Scaphiopodidae","still","Scaphiopus_couchii",1,1650,72,7.40853056689463,4.27666611901606
"Scaphiopodidae","still","Scaphiopus_holbrookii",1,1425,78,7.26192709270275,4.35670882668959
"Scaphiopodidae","still","Scaphiopus_hurterii",1,1500,67,7.3132203870903,4.20469261939097
"Scaphiopodidae","still","Spea_multiplicata",3,1301,49,7.1708884785125,3.89182029811063
